<annotation>
	<folder>train</folder>
	<filename>IMG_20191101_210046_1.jpg</filename>
	<path>C:\Users\User\Documents\TensorFlow\workspace\training_demo\images\train\IMG_20191101_210046_1.jpg</path>
	<source>
		<database>Unknown</database>
	</source>
	<size>
		<width>4032</width>
		<height>3024</height>
		<depth>3</depth>
	</size>
	<segmented>0</segmented>
	<object>
		<name>Lego</name>
		<pose>Unspecified</pose>
		<truncated>0</truncated>
		<difficult>0</difficult>
		<bndbox>
			<xmin>2071</xmin>
			<ymin>1468</ymin>
			<xmax>2485</xmax>
			<ymax>2092</ymax>
		</bndbox>
	</object>
</annotation>
